rule_nr,status_in_second_tool
R01,gleich
R02,gleich
R03,gleich
R04,gleich
R05,gleich
R06,gleich
R07,gleich
R08,gleich
R09,gleich
R10,gleich
R11,gleich
R12,gleich
R13,gleich
R14,gleich
R15,gleich
R16,gleich
R17,abweichend-trivial
R18,gleich
R19,gleich
R20,gleich
R21,gleich
R22,gleich
R23,gleich
R24,gleich
R25,gleich
R26,abweichend
R27,gleich
R28,gleich
R29,abweichend
R30,fehlt
R31,abweichend
R32,gleich
R33,gleich
R34,abweichend
R35,gleich
R36,abweichend
R37,fehlt
R38,fehlt
R39,abweichend
R40,fehlt
R41,fehlt
R42,fehlt
R43,fehlt
R44,fehlt
R45,fehlt
R46,fehlt
R47,fehlt
R48,fehlt
R49,fehlt
R50,fehlt
R51,fehlt
R52,fehlt
R53,fehlt
R54,fehlt
R55,fehlt
R56,fehlt
R57,fehlt
R58,fehlt
R59,fehlt
R60,fehlt
R61,fehlt
R62,fehlt
R63,fehlt
R64,fehlt
R65,fehlt
R66,fehlt
R67,fehlt
R68,abweichend
R69,abweichend-trivial
R70,gleich
R71,gleich
R72,gleich
R73,gleich
R74,gleich
R75,gleich
R76,gleich
R77,gleich
R78,gleich
R79,gleich
R80,gleich
R81,gleich
R82,abweichend-trivial
R83,gleich
R84,gleich
R85,abweichend-trivial
R86,gleich
R87,gleich
R88,gleich
R89,gleich
R90,gleich
R91,gleich
R92,gleich
R93,gleich
R94,gleich
R95,gleich
R96,gleich
R97,gleich
R98,gleich
R99,gleich
R100,gleich
R101,gleich
R102,gleich
R103,gleich
R104,gleich
R105,gleich
R106,gleich
R107,gleich
R108,gleich
R109,gleich
R110,gleich
R111,gleich
R112,gleich
R113,gleich
R114,gleich
R115,gleich
R116,gleich
R117,gleich
R118,gleich
R119,gleich
R120,gleich
R121,gleich
R122,gleich
R123,gleich
R124,gleich
R125,gleich
R126,gleich
R127,gleich
R128,gleich
R129,gleich
R130,gleich
R131,gleich
R132,gleich
R133,gleich
R134,gleich
R135,gleich
R136,gleich
R137,gleich
